Item ID,Item Category,Item Name,Brand Name,Item URL,Price,Rate,Total Reviews,Retrieved Date
226935,Smartphone,Samsung Galaxy Z Fold3 5G 256GB,Samsung,https://www.thegioididong.com/dtdd/samsung-galaxy-z-fold-3?src=osp,41990000,4.8,12,01/03/2022
153856,Smartphone,iPhone 11,Apple,https://www.thegioididong.com/dtdd/iphone-11?src=osp,16990000,3.6,497,01/03/2022
248293,Smartphone,Xiaomi 11T 5G 128GB,Xiaomi,https://www.thegioididong.com/dtdd/xiaomi-11t?src=osp,10990000,4.2,111,01/03/2022
234315,Smartphone,Samsung Galaxy A32,Samsung,https://www.thegioididong.com/dtdd/samsung-galaxy-a32-4g?src=osp,6490000,2.9,540,01/03/2022
239747,Smartphone,OPPO Reno6 Z 5G,OPPO,https://www.thegioididong.com/dtdd/oppo-reno6-z-5g?src=osp,9490000,3.6,413,01/03/2022
245607,Smartphone,Vivo V23e,Vivo,https://www.thegioididong.com/dtdd/vivo-v23e?src=osp,8490000,4.2,81,01/03/2022
230529,Smartphone,iPhone 13 Pro Max,Apple,https://www.thegioididong.com/dtdd/iphone-13-pro-max?src=osp,33990000,4.6,70,01/03/2022
241265,Smartphone,Realme C21Y 4GB,Realme,https://www.thegioididong.com/dtdd/realme-c21y?src=osp,4290000,2.6,125,01/03/2022
251703,Smartphone,OPPO A95,OPPO,https://www.thegioididong.com/dtdd/oppo-a95-4g?src=osp,6990000,4.3,135,01/03/2022
228967,Smartphone,Samsung Galaxy A52 128GB,Samsung,https://www.thegioididong.com/dtdd/samsung-galaxy-a52?src=osp,9290000,2.8,139,01/03/2022
248284,Smartphone,Samsung Galaxy Z Fold3 5G 512GB,Samsung,https://www.thegioididong.com/dtdd/samsung-galaxy-z-fold3-5g-512gb?src=osp,44990000,0,0,01/03/2022
213033,Smartphone,iPhone 12 Pro Max,Apple,https://www.thegioididong.com/dtdd/iphone-12-pro-max?src=osp,32990000,4.0,194,01/03/2022
226099,Smartphone,Samsung Galaxy Z Fold2 5G,Samsung,https://www.thegioididong.com/dtdd/samsung-galaxy-z-fold-2?src=osp,50000000,0,0,01/03/2022
230521,Smartphone,iPhone 13 Pro,Apple,https://www.thegioididong.com/dtdd/iphone-13-pro?src=osp,30990000,4.9,30,01/03/2022
248283,Smartphone,Samsung Galaxy Z Flip3 5G 256GB,Samsung,https://www.thegioididong.com/dtdd/samsung-galaxy-z-flip3-5g-256gb?src=osp,26990000,4.0,18,01/03/2022
213032,Smartphone,iPhone 12 Pro,Apple,https://www.thegioididong.com/dtdd/iphone-12-pro?src=osp,30490000,4.0,45,01/03/2022
229949,Smartphone,Samsung Galaxy Z Flip3 5G 128GB,Samsung,https://www.thegioididong.com/dtdd/samsung-galaxy-z-flip-3?src=osp,24990000,4.2,25,01/03/2022
223602,Smartphone,iPhone 13,Apple,https://www.thegioididong.com/dtdd/iphone-13?src=osp,24990000,4.3,83,01/03/2022
226264,Smartphone,Xiaomi Mi 11 5G,Xiaomi,https://www.thegioididong.com/dtdd/xiaomi-mi-11?src=osp,21990000,3.8,63,01/03/2022
226316,Smartphone,Samsung Galaxy S21 Ultra 5G 128GB,Samsung,https://www.thegioididong.com/dtdd/samsung-galaxy-s21-ultra?src=osp,30990000,3.1,145,01/03/2022
232190,Smartphone,OPPO Find X3 Pro 5G,OPPO,https://www.thegioididong.com/dtdd/oppo-find-x3-pro?src=osp,19490000,4.2,19,01/03/2022
213031,Smartphone,iPhone 12,Apple,https://www.thegioididong.com/dtdd/iphone-12?src=osp,22490000,3.6,142,01/03/2022
236780,Smartphone,iPhone 13 mini,Apple,https://www.thegioididong.com/dtdd/iphone-13-mini?src=osp,21990000,0,0,01/03/2022
248099,Smartphone,Vivo X70 Pro 5G,Vivo,https://www.thegioididong.com/dtdd/vivo-x70-pro?src=osp,19990000,0,0,01/03/2022
236187,Smartphone,OPPO Reno6 Pro 5G,OPPO,https://www.thegioididong.com/dtdd/oppo-reno6-pro-5g?src=osp,18990000,4.5,30,01/03/2022
226385,Smartphone,Samsung Galaxy S21+ 5G 128GB,Samsung,https://www.thegioididong.com/dtdd/samsung-galaxy-s21-plus?src=osp,25990000,3.1,130,01/03/2022
225380,Smartphone,iPhone 12 mini,Apple,https://www.thegioididong.com/dtdd/iphone-12-mini?src=osp,18990000,3.6,47,01/03/2022
218355,Smartphone,Samsung Galaxy Note 20,Samsung,https://www.thegioididong.com/dtdd/samsung-galaxy-note-20?src=osp,23990000,3.1,192,01/03/2022
248218,Smartphone,Xiaomi 11T Pro 5G 12GB,Xiaomi,https://www.thegioididong.com/dtdd/xiaomi-11t-pro?src=osp,14990000,3.7,64,01/03/2022
190325,Smartphone,iPhone XR,Apple,https://www.thegioididong.com/dtdd/iphone-xr?src=osp,14990000,4.0,232,01/03/2022
262566,Smartphone,Xiaomi 11T Pro 5G 8GB,Xiaomi,https://www.thegioididong.com/dtdd/xiaomi-11t-pro-5g-8gb?src=osp,13990000,0,0,01/03/2022
220833,Smartphone,Samsung Galaxy S21 5G,Samsung,https://www.thegioididong.com/dtdd/samsung-galaxy-s21?src=osp,20990000,3.5,275,01/03/2022
230410,Smartphone,iPhone SE (2020) (Hộp mới),Apple,https://www.thegioididong.com/dtdd/iphone-se-64gb-2020-hop-moi?src=osp,13490000,4.2,38,01/03/2022
224859,Smartphone,Samsung Galaxy S20 FE (8GB/256GB),Samsung,https://www.thegioididong.com/dtdd/samsung-galaxy-s20-fan-edition?src=osp,15490000,3.5,284,01/03/2022
228136,Smartphone,Xiaomi Mi 10T Pro 5G,Xiaomi,https://www.thegioididong.com/dtdd/xiaomi-mi-10t-pro?src=osp,12990000,3.5,279,01/03/2022
236186,Smartphone,OPPO Reno6 5G,OPPO,https://www.thegioididong.com/dtdd/oppo-reno6?src=osp,12990000,3.7,249,01/03/2022
222629,Smartphone,iPhone SE (2020),Apple,https://www.thegioididong.com/dtdd/iphone-se-128gb-2020?src=osp,13990000,4.4,13,01/03/2022
226101,Smartphone,Samsung Galaxy A72,Samsung,https://www.thegioididong.com/dtdd/samsung-galaxy-a72?src=osp,11490000,2.8,153,01/03/2022
233460,Smartphone,OPPO Reno5 5G,OPPO,https://www.thegioididong.com/dtdd/oppo-reno5-5g?src=osp,11990000,3.2,71,01/03/2022
251216,Smartphone,Xiaomi 11T 5G 256GB,Xiaomi,https://www.thegioididong.com/dtdd/xiaomi-11t-256gb?src=osp,11990000,4.0,126,01/03/2022
235440,Smartphone,Samsung Galaxy A52 5G,Samsung,https://www.thegioididong.com/dtdd/samsung-galaxy-a52-5g?src=osp,10990000,2.8,287,01/03/2022
247507,Smartphone,Samsung Galaxy A52s 5G 128GB,Samsung,https://www.thegioididong.com/dtdd/samsung-galaxy-a52s-5g?src=osp,10990000,3.5,218,01/03/2022
223497,Smartphone,OPPO Reno4 Pro,OPPO,https://www.thegioididong.com/dtdd/oppo-reno4-pro?src=osp,10490000,4.1,124,01/03/2022
238047,Smartphone,Vivo V21 5G,Vivo,https://www.thegioididong.com/dtdd/vivo-v21-5g?src=osp,9990000,3.2,121,01/03/2022
236085,Smartphone,Samsung Galaxy A52 256GB,Samsung,https://www.thegioididong.com/dtdd/samsung-galaxy-a52-8gb-256gb?src=osp,10290000,3.1,73,01/03/2022
256053,Smartphone,Xiaomi 11 Lite 5G NE Trắng Swarovski,Xiaomi,https://www.thegioididong.com/dtdd/xiaomi-11-lite-5g-ne-trang-swarovski?src=osp,9490000,4.2,13,01/03/2022
236024,Smartphone,OPPO Reno5 Marvel,OPPO,https://www.thegioididong.com/dtdd/oppo-reno5-marvel?src=osp,9690000,3.6,30,01/03/2022
249427,Smartphone,Xiaomi 11 Lite 5G NE,Xiaomi,https://www.thegioididong.com/dtdd/xiaomi-11-lite-5g-ne?src=osp,9490000,3.5,198,01/03/2022
227689,Smartphone,Realme 7 Pro,Realme,https://www.thegioididong.com/dtdd/realme-7-pro?src=osp,8990000,4.0,98,01/03/2022
235986,Smartphone,Realme 8 Pro,Realme,https://www.thegioididong.com/dtdd/realme-8-pro?src=osp,8690000,3.3,92,01/03/2022
232614,Smartphone,Vivo V20 (2021),Vivo,https://www.thegioididong.com/dtdd/vivo-v20-2021?src=osp,8490000,3.1,62,01/03/2022
236588,Smartphone,Realme 8 5G,Realme,https://www.thegioididong.com/dtdd/realme-8-5g?src=osp,7990000,3.0,17,01/03/2022
233241,Smartphone,Xiaomi Mi 11 Lite,Xiaomi,https://www.thegioididong.com/dtdd/xiaomi-mi-11-lite-4g?src=osp,7990000,3.4,791,01/03/2022
236431,Smartphone,Vivo Y72 5G,Vivo,https://www.thegioididong.com/dtdd/vivo-y72-5g?src=osp,7990000,3.5,78,01/03/2022
236559,Smartphone,OPPO A74 5G,OPPO,https://www.thegioididong.com/dtdd/oppo-a74-5g?src=osp,7990000,3.1,48,01/03/2022
211570,Smartphone,Samsung Galaxy A51 (6GB/128GB),Samsung,https://www.thegioididong.com/dtdd/samsung-galaxy-a51?src=osp,7990000,3.1,771,01/03/2022
229228,Smartphone,Xiaomi Redmi Note 10 Pro (8GB/128GB),Xiaomi,https://www.thegioididong.com/dtdd/xiaomi-redmi-note-10-pro?src=osp,7490000,3.0,633,01/03/2022
234316,Smartphone,OPPO A94,OPPO,https://www.thegioididong.com/dtdd/oppo-a94?src=osp,7690000,3.5,56,01/03/2022
233135,Smartphone,Realme 8,Realme,https://www.thegioididong.com/dtdd/realme-8?src=osp,7290000,3.4,129,01/03/2022
227731,Smartphone,Realme 7,Realme,https://www.thegioididong.com/dtdd/realme-7?src=osp,6990000,3.6,286,01/03/2022
240286,Smartphone,Vivo Y53s,Vivo,https://www.thegioididong.com/dtdd/vivo-y53s?src=osp,6990000,2.2,56,01/03/2022
249102,Smartphone,Vivo Y33s,Vivo,https://www.thegioididong.com/dtdd/vivo-y33s?src=osp,6990000,0,0,01/03/2022
235969,Smartphone,Xiaomi Redmi Note 10S 8GB,Xiaomi,https://www.thegioididong.com/dtdd/xiaomi-redmi-note-10s?src=osp,6490000,3.2,335,01/03/2022
235653,Smartphone,OPPO A74,OPPO,https://www.thegioididong.com/dtdd/oppo-a74?src=osp,6690000,3.1,196,01/03/2022
228950,Smartphone,Vivo Y51 (2020),Vivo,https://www.thegioididong.com/dtdd/vivo-y51-2020?src=osp,6290000,3.2,143,01/03/2022
227688,Smartphone,Realme 7i,Realme,https://www.thegioididong.com/dtdd/realme-7i?src=osp,6290000,2.6,71,01/03/2022
229056,Smartphone,OPPO A93,OPPO,https://www.thegioididong.com/dtdd/oppo-a93?src=osp,6490000,2.6,353,01/03/2022
214644,Smartphone,Realme 6 (4GB/128GB),Realme,https://www.thegioididong.com/dtdd/realme-6?src=osp,5990000,4.0,159,01/03/2022
262534,Smartphone,Xiaomi Redmi Note 10S 6GB,Xiaomi,https://www.thegioididong.com/dtdd/xiaomi-redmi-note-10s-6gb?src=osp,5990000,3.5,32,01/03/2022
250755,Smartphone,Vivo Y21s 6GB,Vivo,https://www.thegioididong.com/dtdd/vivo-y21s-6gb?src=osp,5990000,3.5,78,01/03/2022
237603,Smartphone,Samsung Galaxy A22,Samsung,https://www.thegioididong.com/dtdd/samsung-galaxy-a22-4g?src=osp,5890000,3.1,185,01/03/2022
249429,Smartphone,Vivo Y21s 4GB,Vivo,https://www.thegioididong.com/dtdd/vivo-y21s?src=osp,5290000,3.5,51,01/03/2022
250615,Smartphone,Realme C25Y 128GB,Realme,https://www.thegioididong.com/dtdd/realme-c25y?src=osp,4990000,3.1,24,01/03/2022
238483,Smartphone,Realme C25s,Realme,https://www.thegioididong.com/dtdd/realme-c25s?src=osp,4990000,3.6,34,01/03/2022
249944,Smartphone,OPPO A55,OPPO,https://www.thegioididong.com/dtdd/oppo-a55-4g?src=osp,4990000,3.7,173,01/03/2022
218360,Smartphone,Realme 6i,Realme,https://www.thegioididong.com/dtdd/realme-6i?src=osp,4990000,3.3,89,01/03/2022
228376,Smartphone,Vivo Y20s,Vivo,https://www.thegioididong.com/dtdd/vivo-y20s?src=osp,4990000,2.5,152,01/03/2022
246200,Smartphone,Xiaomi Redmi 10 (6GB/128GB),Xiaomi,https://www.thegioididong.com/dtdd/xiaomi-redmi-10?src=osp,4690000,3.4,439,01/03/2022
235996,Smartphone,Realme C25,Realme,https://www.thegioididong.com/dtdd/realme-c25?src=osp,4690000,3.3,77,01/03/2022
265313,Smartphone,Realme C25Y 64GB,Realme,https://www.thegioididong.com/dtdd/realme-c25y-64gb?src=osp,4690000,0,0,01/03/2022
236768,Smartphone,OPPO A54,OPPO,https://www.thegioididong.com/dtdd/oppo-a54?src=osp,4690000,2.9,236,01/03/2022
251888,Smartphone,Samsung Galaxy A12 6GB (2021),Samsung,https://www.thegioididong.com/dtdd/samsung-galaxy-a12-6gb-2021?src=osp,4690000,3.5,100,01/03/2022
229948,Smartphone,OPPO A15s,OPPO,https://www.thegioididong.com/dtdd/oppo-a15s?src=osp,4290000,2.4,117,01/03/2022
232364,Smartphone,Samsung Galaxy A12 6GB,Samsung,https://www.thegioididong.com/dtdd/samsung-galaxy-a12-6gb?src=osp,4690000,3.0,480,01/03/2022
253402,Smartphone,Realme C21-Y 4GB,Realme,https://www.thegioididong.com/dtdd/realme-c21-y-4gb?src=osp,4290000,0,0,01/03/2022
249081,Smartphone,Xiaomi Redmi 10 (4GB/128GB),Xiaomi,https://www.thegioididong.com/dtdd/xiaomi-redmi-10-4gb-128gb?src=osp,4290000,3.7,164,01/03/2022
115343,Smartphone,Vivo Y21,Vivo,https://www.thegioididong.com/dtdd/vivo-y21?src=osp,4290000,3.4,102,01/03/2022
249080,Smartphone,Xiaomi Redmi 10 (4GB/64GB),Xiaomi,https://www.thegioididong.com/dtdd/xiaomi-redmi-10-4gb-64gb?src=osp,3990000,4.0,300,01/03/2022
259972,Smartphone,Vivo Y15a,Vivo,https://www.thegioididong.com/dtdd/vivo-y15a?src=osp,3990000,0,0,01/03/2022
251886,Smartphone,Samsung Galaxy A12 4GB (2021),Samsung,https://www.thegioididong.com/dtdd/samsung-galaxy-a12-2021?src=osp,4290000,3.8,90,01/03/2022
228151,Smartphone,Samsung Galaxy A12 4GB,Samsung,https://www.thegioididong.com/dtdd/samsung-galaxy-a12?src=osp,42900,3.2,323,01/03/2022
255483,Smartphone,Realme C11 (2021) 4GB/64GB,Realme,https://www.thegioididong.com/dtdd/realme-c11-2021-4gb-64gb?src=osp,3790000,1.8,14,01/03/2022
229885,Smartphone,OPPO A15,OPPO,https://www.thegioididong.com/dtdd/oppo-a15?src=osp,3690000,2.9,100,01/03/2022
241049,Smartphone,Samsung Galaxy A03s,Samsung,https://www.thegioididong.com/dtdd/samsung-galaxy-a03s?src=osp,3690000,3.4,113,01/03/2022
249945,Smartphone,OPPO A16K,OPPO,https://www.thegioididong.com/dtdd/oppo-a16k?src=osp,3690000,4.2,54,01/03/2022
241771,Smartphone,Realme C21Y 3GB,Realme,https://www.thegioididong.com/dtdd/realme-c21y-3gb?src=osp,3690000,2.5,26,01/03/2022
253401,Smartphone,Realme C21-Y 3GB,Realme,https://www.thegioididong.com/dtdd/realme-c21-y-3gb?src=osp,3690000,4.0,6,01/03/2022
249720,Smartphone,Vivo Y15s,Vivo,https://www.thegioididong.com/dtdd/vivo-y15s-2021?src=osp,3690000,2.9,35,01/03/2022
235995,Smartphone,Nokia G10,Nokia,https://www.thegioididong.com/dtdd/nokia-g10?src=osp,3690000,0,0,01/03/2022
226733,Smartphone,Realme C12,Realme,https://www.thegioididong.com/dtdd/realme-c12?src=osp,3490000,4.0,71,01/03/2022
246937,Smartphone,Xiaomi Redmi 9C (4GB/128GB),Xiaomi,https://www.thegioididong.com/dtdd/xiaomi-redmi-9c-4gb?src=osp,3490000,3.0,39,01/03/2022
227626,Smartphone,Nokia 3.4,Nokia,https://www.thegioididong.com/dtdd/nokia-34?src=osp,3290000,2.9,146,01/03/2022
236257,Smartphone,Realme C11 (2021),Realme,https://www.thegioididong.com/dtdd/realme-c11-2021?src=osp,2990000,2.9,62,01/03/2022
261957,Smartphone,Realme C11 (2021) 2GB/32GB,Realme,https://www.thegioididong.com/dtdd/realme-c11-2021-2gb-32gb?src=osp,2990000,0,0,01/03/2022
228999,Smartphone,Samsung Galaxy A02,Samsung,https://www.thegioididong.com/dtdd/samsung-galaxy-a02?src=osp,2590000,2.6,174,01/03/2022
251897,Smartphone,Itel L6502,Itel,https://www.thegioididong.com/dtdd/itel-l6502?src=osp,2490000,0,0,01/03/2022
218734,Smartphone,Xiaomi Redmi 9A,Xiaomi,https://www.thegioididong.com/dtdd/xiaomi-redmi-9a?src=osp,2490000,3.9,323,01/03/2022
236437,Smartphone,Nokia C20,Nokia,https://www.thegioididong.com/dtdd/nokia-c20?src=osp,2490000,3.6,23,01/03/2022
251896,Smartphone,Itel L6006,Itel,https://www.thegioididong.com/dtdd/itel-l6006?src=osp,2190000,0,0,01/03/2022
230813,Smartphone,Nokia 6300 4G,Nokia,https://www.thegioididong.com/dtdd/nokia-6300-4g?src=osp,1290000,1.8,66,01/03/2022
240196,Smartphone,Nokia 110 4G,Nokia,https://www.thegioididong.com/dtdd/nokia-110-4g?src=osp,850000,3.4,20,01/03/2022
200041,Smartphone,Nokia 210,Nokia,https://www.thegioididong.com/dtdd/nokia-210?src=osp,790000,4.0,39,01/03/2022
264121,Smartphone,Masstel FAMI 60 4G,Masstel,https://www.thegioididong.com/dtdd/masstel-fami-60?src=osp,750000,0,0,01/03/2022
240194,Smartphone,Nokia 105 4G,Nokia,https://www.thegioididong.com/dtdd/nokia-105-4g?src=osp,750000,2.2,10,01/03/2022
232657,Smartphone,Itel it9200 4G,Itel,https://www.thegioididong.com/dtdd/itel-it9200?src=osp,7000,3.6,39,01/03/2022
223115,Smartphone,Nokia 150 (2020),Nokia,https://www.thegioididong.com/dtdd/nokia-150-2020?src=osp,700000,3.3,53,01/03/2022
264120,Smartphone,Masstel IZI 55 4G,Masstel,https://www.thegioididong.com/dtdd/masstel-izi-55?src=osp,700000,0,0,01/03/2022
260146,Smartphone,Itel it9210 4G,Itel,https://www.thegioididong.com/dtdd/itel-it9210?src=osp,680000,0,0,01/03/2022
227008,Smartphone,Energizer E20,Energizer,https://www.thegioididong.com/dtdd/energizer-e20?src=osp,650000,2.9,11,01/03/2022
112837,Smartphone,Mobell Rock 3,Mobell,https://www.thegioididong.com/dtdd/mobell-rock-3?src=osp,590000,4.1,122,01/03/2022
227007,Smartphone,Energizer P20,Energizer,https://www.thegioididong.com/dtdd/energizer-p20?src=osp,590000,3.0,10,01/03/2022
265312,Smartphone,Masstel IZI 20 4G,Masstel,https://www.thegioididong.com/dtdd/masstel-izi-20-4g?src=osp,550000,0,0,01/03/2022
220171,Smartphone,Masstel Fami P20,Masstel,https://www.thegioididong.com/dtdd/masstel-fami-p20?src=osp,550000,4.8,6,01/03/2022
209788,Smartphone,Nokia 110,Nokia,https://www.thegioididong.com/dtdd/nokia-110-2019?src=osp,520000,2.8,31,01/03/2022
232370,Smartphone,Masstel Play 50,Masstel,https://www.thegioididong.com/dtdd/masstel-play-50?src=osp,500000,3.3,13,01/03/2022
265311,Smartphone,Masstel IZI 10 4G,Masstel,https://www.thegioididong.com/dtdd/masstel-izi-10-4g?src=osp,500000,0,0,01/03/2022
232705,Smartphone,Mobell M529i,Mobell,https://www.thegioididong.com/dtdd/mobell-m529i?src=osp,490000,3.7,8,01/03/2022
227006,Smartphone,Energizer E100,Energizer,https://www.thegioididong.com/dtdd/energizer-e100?src=osp,490000,2.3,13,01/03/2022
212227,Smartphone,Masstel IZI 300,Masstel,https://www.thegioididong.com/dtdd/masstel-izi-300?src=osp,450000,4.1,14,01/03/2022
142346,Smartphone,Mobell M529,Mobell,https://www.thegioididong.com/dtdd/mobell-m529?src=osp,450000,4.4,42,01/03/2022
215831,Smartphone,Itel it2590,Itel,https://www.thegioididong.com/dtdd/itel-it2590?src=osp,450000,4.3,33,01/03/2022
237008,Smartphone,Mobell M389i,Mobell,https://www.thegioididong.com/dtdd/mobell-m389i?src=osp,430000,0,0,01/03/2022
207957,Smartphone,Nokia 105 Dual SIM,Nokia,https://www.thegioididong.com/dtdd/nokia-105-2019?src=osp,420000,3.6,69,01/03/2022
211934,Smartphone,Nokia 105 Single SIM,Nokia,https://www.thegioididong.com/dtdd/nokia-105-single-sim-2019?src=osp,410000,3.5,53,01/03/2022
228570,Smartphone,Itel it6131,Itel,https://www.thegioididong.com/dtdd/itel-it6131?src=osp,400000,4.6,19,01/03/2022
226346,Smartphone,Masstel IZI 230,Masstel,https://www.thegioididong.com/dtdd/masstel-izi-230?src=osp,380000,4.8,8,01/03/2022
237000,Smartphone,Masstel Fami 11,Masstel,https://www.thegioididong.com/dtdd/masstel-fami-11?src=osp,330000,0,0,01/03/2022
228569,Smartphone,Itel it5071,Itel,https://www.thegioididong.com/dtdd/itel-it5071?src=osp,330000,4.4,45,01/03/2022
237007,Smartphone,Mobell M319 (2021),Mobell,https://www.thegioididong.com/dtdd/mobell-m319-2021?src=osp,320000,0,0,01/03/2022
240274,Smartphone,Itel it5026,Itel,https://www.thegioididong.com/dtdd/itel-it5026?src=osp,300000,0,0,01/03/2022
212190,Smartphone,Masstel IZI 206,Masstel,https://www.thegioididong.com/dtdd/masstel-izi-206?src=osp,290000,4.2,14,01/03/2022
227005,Smartphone,Energizer E12,Energizer,https://www.thegioididong.com/dtdd/energizer-e12?src=osp,270000,3.2,6,01/03/2022
232704,Smartphone,Mobell C310,Mobell,https://www.thegioididong.com/dtdd/mobell-c310?src=osp,230000,3.6,10,01/03/2022
204125,Smartphone,Itel it2171,Itel,https://www.thegioididong.com/dtdd/itel-it2171?src=osp,230000,3.5,28,01/03/2022
211009,Smartphone,Itel Value 100,Itel,https://www.thegioididong.com/dtdd/itel-value-100?src=osp,200000,3.9,130,01/03/2022
212189,Smartphone,Masstel IZI 112,Masstel,https://www.thegioididong.com/dtdd/masstel-izi-112?src=osp,2000,3.9,15,01/03/2022
256559,Tablet,Samsung Galaxy Tab S7 FE WiFi,Samsung,https://www.thegioididong.com/may-tinh-bang/samsung-galaxy-tab-s7-fe-wifi?src=osp,12990000,3.5,7,01/03/2022
240254,Tablet,Samsung Galaxy Tab S7 FE 4G,Samsung,https://www.thegioididong.com/may-tinh-bang/samsung-galaxy-tab-s7-fan-editon?src=osp,13990000,4.1,101,01/03/2022
259651,Tablet,iPad Pro M1 12.9 inch WiFi Cellular 512GB (2021),Apple,https://www.thegioididong.com/may-tinh-bang/ipad-pro-m1-129-inch-wifi-cellular-512gb-2021?src=osp,41990000,0,0,01/03/2022
238651,Tablet,iPad Pro M1 12.9 inch WiFi Cellular 256GB (2021),Apple,https://www.thegioididong.com/may-tinh-bang/ipad-pro-m1-129-inch-wifi-cellular-256gb-2021?src=osp,39490000,0,0,01/03/2022
238649,Tablet,iPad Pro M1 12.9 inch WiFi Cellular 128GB (2021),Apple,https://www.thegioididong.com/may-tinh-bang/ipad-pro-m1-129-inch-wifi-cellular-128gb-2021?src=osp,36490000,0,0,01/03/2022
259650,Tablet,iPad Pro M1 12.9 inch WiFi 512GB (2021),Apple,https://www.thegioididong.com/may-tinh-bang/ipad-pro-m1-129-inch-wifi-512gb-2021?src=osp,37490000,0,0,01/03/2022
238645,Tablet,iPad Pro M1 12.9 inch WiFi 256GB (2021),Apple,https://www.thegioididong.com/may-tinh-bang/ipad-pro-m1-129-inch-wifi-256gb-2021?src=osp,34990000,0,0,01/03/2022
237699,Tablet,iPad Pro M1 12.9 inch WiFi 128GB (2021),Apple,https://www.thegioididong.com/may-tinh-bang/ipad-pro-m1-129-inch-wifi-128gb-2021?src=osp,31990000,0,0,01/03/2022
228899,Tablet,iPad Air 4 Wifi Cellular 256GB (2020),Apple,https://www.thegioididong.com/may-tinh-bang/ipad-air-4-wifi-cellular-256gb-2020?src=osp,25990000,0,0,01/03/2022
250735,Tablet,iPad mini 6 WiFi Cellular 256GB,Apple,https://www.thegioididong.com/may-tinh-bang/ipad-mini-6-wifi-cellular-256gb?src=osp,24990000,0,0,01/03/2022
237695,Tablet,iPad Pro M1 11 inch WiFi 128GB (2021),Apple,https://www.thegioididong.com/may-tinh-bang/ipad-pro-m1-11-inch-wifi-128gb-2021?src=osp,23990000,5.0,23,01/03/2022
228896,Tablet,iPad Air 4 Wifi 256GB,Apple,https://www.thegioididong.com/may-tinh-bang/ipad-air-4-wifi-256gb-2020?src=osp,22490000,0,0,01/03/2022
228897,Tablet,iPad Air 4 Wifi Cellular 64GB (2020),Apple,https://www.thegioididong.com/may-tinh-bang/ipad-air-4-wifi-cellular-64gb-2020?src=osp,21990000,0,0,01/03/2022
250733,Tablet,iPad mini 6 WiFi 256GB,Apple,https://www.thegioididong.com/may-tinh-bang/ipad-mini-6-wifi-256gb?src=osp,20990000,0,0,01/03/2022
250734,Tablet,iPad mini 6 WiFi Cellular 64GB,Apple,https://www.thegioididong.com/may-tinh-bang/ipad-mini-6-wifi-cellular-64gb?src=osp,20990000,0,0,01/03/2022
225031,Tablet,Samsung Galaxy Tab S7,Samsung,https://www.thegioididong.com/may-tinh-bang/samsung-galaxy-tab-s7?src=osp,18990000,3.4,33,01/03/2022
228808,Tablet,iPad Air 4 Wifi 64GB (2020),Apple,https://www.thegioididong.com/may-tinh-bang/ipad-air-4-wifi-64gb-2020?src=osp,17990000,3.8,27,01/03/2022
248091,Tablet,iPad mini 6 WiFi 64GB,Apple,https://www.thegioididong.com/may-tinh-bang/ipad-mini-6?src=osp,15990000,0,0,01/03/2022
202820,Tablet,iPad mini 7.9 inch 64GB (2019) Wifi Cellular,Apple,https://www.thegioididong.com/may-tinh-bang/ipad-mini-79-inch-wifi-cellular-64gb-2019?src=osp,15990000,4.7,6,01/03/2022
250731,Tablet,iPad 9 WiFi Cellular 64GB,Apple,https://www.thegioididong.com/may-tinh-bang/ipad-9-wifi-cellular-64gb?src=osp,14990000,0,0,01/03/2022
241299,Tablet,Huawei MatePad 11,Huawei,https://www.thegioididong.com/may-tinh-bang/huawei-matepad-11?src=osp,13990000,0,0,01/03/2022
247517,Tablet,iPad 9 WiFi 64GB,Apple,https://www.thegioididong.com/may-tinh-bang/ipad-gen-9?src=osp,10990000,0,0,01/03/2022
250934,Tablet,Xiaomi Pad 5 256GB,Xiaomi,https://www.thegioididong.com/may-tinh-bang/xiaomi-pad-5-256gb?src=osp,10490000,4.8,12,01/03/2022
219912,Tablet,Samsung Galaxy Tab S6 Lite,Samsung,https://www.thegioididong.com/may-tinh-bang/samsung-galaxy-tab-s6-lite?src=osp,9990000,3.2,32,01/03/2022
239210,Tablet,Xiaomi Pad 5 128GB,Xiaomi,https://www.thegioididong.com/may-tinh-bang/xiaomi-pad-5?src=osp,8990000,4.2,65,01/03/2022
244684,Tablet,Lenovo Tab P11 Plus,Lenovo,https://www.thegioididong.com/may-tinh-bang/lenovo-tab-p11-plus?src=osp,8190000,0,0,01/03/2022
236953,Tablet,Huawei MatePad 128GB (Nền tảng Huawei Mobile Service),Huawei,https://www.thegioididong.com/may-tinh-bang/huawei-matepad-128gb?src=osp,7790000,4.6,26,01/03/2022
235365,Tablet,Lenovo Tab M10 - FHD Plus,Lenovo,https://www.thegioididong.com/may-tinh-bang/lenovo-tab-m10-fhd-plus?src=osp,6490000,3.0,33,01/03/2022
259627,Tablet,Huawei MatePad T10s 4GB,Huawei,https://www.thegioididong.com/may-tinh-bang/huawei-matepad-t10s-4gb?src=osp,5990000,0,0,01/03/2022
241051,Tablet,Huawei MatePad T10,Huawei,https://www.thegioididong.com/may-tinh-bang/huawei-matepad-t10?src=osp,4990000,0,0,01/03/2022
235366,Tablet,Lenovo Tab M10 - Gen 2,Lenovo,https://www.thegioididong.com/may-tinh-bang/lenovo-tab-m10-gen-2?src=osp,5190000,3.9,24,01/03/2022
237325,Tablet,Samsung Galaxy Tab A7 Lite,Samsung,https://www.thegioididong.com/may-tinh-bang/samsung-galaxy-tab-a7-lite?src=osp,4490000,3.8,111,01/03/2022
259939,Tablet,Masstel Tab 10S,Masstel,https://www.thegioididong.com/may-tinh-bang/masstel-tab-10s?src=osp,4390000,0,0,01/03/2022
222806,Tablet,Lenovo Tab M8 (TB-8505X),Lenovo,https://www.thegioididong.com/may-tinh-bang/lenovo-tab-m8?src=osp,3990000,3.9,39,01/03/2022
260139,Tablet,Masstel Tab 10A,Masstel,https://www.thegioididong.com/may-tinh-bang/masstel-tab-10a?src=osp,3790000,0,0,01/03/2022
260138,Tablet,Masstel Tab 8.2,Masstel,https://www.thegioididong.com/may-tinh-bang/masstel-tab-82?src=osp,3290000,0,0,01/03/2022
266165,Rechargeable battery backup,Hydrus PB299S,Hydrus,https://www.thegioididong.com/sac-dtdd/pin-sac-10000mah-type-c-pd-qc30-20w-hydrus-pb299s?src=osp,750000,0,0,01/03/2022
226142,Rechargeable battery backup,Xmobile P68D,Xmobile,https://www.thegioididong.com/sac-dtdd/sac-du-phong-polymer-10000mah-qc30-xmobile-p68d?src=osp,700000,3.4,22,01/03/2022
214689,Rechargeable battery backup,Xmobile PW37Y5B,Xmobile,https://www.thegioididong.com/sac-dtdd/sac-du-phong-polymer-10000mah-c-xmobile-pw37y5b?src=osp,600000,3.0,11,01/03/2022
214688,Rechargeable battery backup,Xmobile P66D,Xmobile,https://www.thegioididong.com/sac-dtdd/sac-du-phong-polymer-10000mah-type-c-p66d-xam?src=osp,750000,2.9,73,01/03/2022
241166,Rechargeable battery backup,AVA+ DS005-PP,AVA+,https://www.thegioididong.com/sac-dtdd/ava-plus-ds005-pp?src=osp,350000,3.1,9,01/03/2022
224985,Rechargeable battery backup,Xmobile PJ JP200,Xmobile,https://www.thegioididong.com/sac-dtdd/sac-du-phong-15000mah-type-c-xmobile-pj-jp200-xam?src=osp,850000,3.0,24,01/03/2022
229278,Rechargeable battery backup,AVA PJ JP191S,AVA,https://www.thegioididong.com/sac-dtdd/sac-du-phong-polymer-10000mah-ava-pj-jp191s?src=osp,450000,3.4,11,01/03/2022
146850,Rechargeable battery backup,Xmobile LJ JP90S,Xmobile,https://www.thegioididong.com/sac-dtdd/10000mah-lightning-xmobile-lj-jp90s-nhom-xam?src=osp,700000,3.9,254,01/03/2022
145715,Rechargeable battery backup,Xmobile Gram 6S,Xmobile,https://www.thegioididong.com/sac-dtdd/pin-sac-du-phong-19000mah-xmobile-gram-6s-trang?src=osp,890000,4.7,27,01/03/2022
156075,Rechargeable battery backup,Xmobile LA Y615N,Xmobile,https://www.thegioididong.com/sac-dtdd/pin-sac-du-phong-15000mah-xmobile-la-y615n?src=osp,790000,4.3,154,01/03/2022
217434,Rechargeable battery backup,AVA PJ JP196,AVA,https://www.thegioididong.com/sac-dtdd/pin-sac-du-phong-polymer-10000mah-ava-pj-jp196-den?src=osp,450000,2.7,41,01/03/2022
197289,Rechargeable battery backup,AVA PA CK01,AVA,https://www.thegioididong.com/sac-dtdd/pin-sac-du-phong-polymer-10000mah-ava-pa-ck01?src=osp,400000,2.3,16,01/03/2022
252419,Rechargeable battery backup,Hydrus PB299S,Hydrus,https://www.thegioididong.com/sac-dtdd/pin-10000mah-type-c-pd-qc30-20w-hydrus-pb299s?src=osp,750000,0,0,01/03/2022
224983,Rechargeable battery backup,eValu PJ JP189SL,eValu,https://www.thegioididong.com/sac-dtdd/sac-du-phong-10000mah-lightning-evalu-pj-jp189sl?src=osp,600000,2.1,12,01/03/2022
217991,Rechargeable battery backup,AUKEY PB-XD12,AUKEY,https://www.thegioididong.com/sac-dtdd/sac-du-phong-10000mah-type-c-pd-qc30-aukey-pb-xd12?src=osp,790000,4.5,11,01/03/2022
229275,Rechargeable battery backup,Xmobile PowerLite P106WD,Xmobile,https://www.thegioididong.com/sac-dtdd/sac-du-phong-10000mah-khong-day-xmobile-p106wd?src=osp,750000,3.1,20,01/03/2022
214975,Rechargeable battery backup,AVA LA 10K-1,AVA,https://www.thegioididong.com/sac-dtdd/pin-sac-du-phong-7500mah-ava-la-10k-1?src=osp,300000,2.6,15,01/03/2022
217431,Rechargeable battery backup,Xmobile PJ JP190ST,Xmobile,https://www.thegioididong.com/sac-dtdd/sac-du-phong-10000mah-type-c-xmobile-pj-jp190st?src=osp,650000,3.0,23,01/03/2022
255298,Rechargeable battery backup,HyperJuice HJ-WL61TC,HyperJuice,https://www.thegioididong.com/sac-dtdd/pin-5000mah-khong-day-type-c-hyperjuice-hj-wl61tc?src=osp,1090000,0,0,01/03/2022
253589,Rechargeable battery backup,Anker PowerCore Essential A1287,Anker,https://www.thegioididong.com/sac-dtdd/pin-polymer-20000mah-type-c-pd-20w-anker-a1287?src=osp,1400000,5.0,4,01/03/2022
253274,Rechargeable battery backup,Anker PowerCore Slim A1244,Anker,https://www.thegioididong.com/sac-dtdd/pin-polymer-10000mah-type-c-pd-20w-anker-a1244?src=osp,1000000,0,0,01/03/2022
250704,Rechargeable battery backup,Belkin Pocket Power BPB011,Belkin,https://www.thegioididong.com/sac-dtdd/pin-polymer-10000-type-c-15w-belkin-power-den?src=osp,790000,0,0,01/03/2022
250681,Rechargeable battery backup,Belkin Pocket Power BPB001,Belkin,https://www.thegioididong.com/sac-dtdd/pin-polymer-10000-type-c-18w-pd-belkin-bpb001-den?src=osp,950000,0,0,01/03/2022
246085,Rechargeable battery backup,Belkin Pocket Power BPB002,Belkin,https://www.thegioididong.com/sac-dtdd/pin-polymer-20000-30w-belkin-pocket-power-bpb002?src=osp,1900000,0,0,01/03/2022
246084,Rechargeable battery backup,Belkin Pocket Power BPB001,Belkin,https://www.thegioididong.com/sac-dtdd/pin-polymer-10000-mah-type-c-18w-pd-belkin-bpb001?src=osp,950000,0,0,01/03/2022
246083,Rechargeable battery backup,Belkin Pocket Power BPB011,Belkin,https://www.thegioididong.com/sac-dtdd/pin-polymer-10000-type-c-15w-belkin-pocket-power?src=osp,790000,0,0,01/03/2022
245254,Rechargeable battery backup,AVA+ PB100S,AVA+,https://www.thegioididong.com/sac-dtdd/pin-polymer-10000mah-type-c-ava-pb100s?src=osp,550000,0,0,01/03/2022
245246,Rechargeable battery backup,Hydrus PA CK01,Hydrus,https://www.thegioididong.com/sac-dtdd/pin-polymer-10000-mah-hydrus-pa-ck01?src=osp,490000,0,0,01/03/2022
245112,Rechargeable battery backup,AVA+ DS2107,AVA+,https://www.thegioididong.com/sac-dtdd/pin-polymer-10000mah-type-c-ava-ds2107?src=osp,550000,0,0,01/03/2022
245110,Rechargeable battery backup,AVA+ DS006,AVA+,https://www.thegioididong.com/sac-dtdd/pin-polymer-10000mah-ava-ds006?src=osp,500000,0,0,01/03/2022
244689,Rechargeable battery backup,AVA+ PJ JP260,AVA+,https://www.thegioididong.com/sac-dtdd/pin-polymer-10000mah-type-c-ava-pj-jp260?src=osp,550000,0,0,01/03/2022
244687,Rechargeable battery backup,AVA+ JP208,AVA+,https://www.thegioididong.com/sac-dtdd/pin-polymer-10000mah-ava-plus-jp208?src=osp,500000,0,0,01/03/2022
241167,Rechargeable battery backup,AVA+ Y68,AVA+,https://www.thegioididong.com/sac-dtdd/ava-plus-y68?src=osp,350000,3.1,9,01/03/2022
240697,Rechargeable battery backup,AVA+ PJ JP192,AVA+,https://www.thegioididong.com/sac-dtdd/ava-pj-jp192?src=osp,500000,2.3,3,01/03/2022
240696,Rechargeable battery backup,AVA+ LJ JP199,AVA+,https://www.thegioididong.com/sac-dtdd/ava-lj-jp199?src=osp,350000,3.4,5,01/03/2022
237679,Rechargeable battery backup,Hydrus PJ JP196,Hydrus,https://www.thegioididong.com/sac-dtdd/hydrus-pj-jp196?src=osp,490000,2.8,7,01/03/2022
236300,Rechargeable battery backup,Anker PowerCore Slim A1231,Anker,https://www.thegioididong.com/sac-dtdd/anker-powercore-slim-a1231?src=osp,1000000,0,0,01/03/2022
236255,Rechargeable battery backup,OPPO PBV02,OPPO,https://www.thegioididong.com/sac-dtdd/oppo-vooc-30w-pbv02?src=osp,1800000,0,0,01/03/2022
236253,Rechargeable battery backup,OPPO PBT02,OPPO,https://www.thegioididong.com/sac-dtdd/oppo-pbt02?src=osp,980000,0,0,01/03/2022
235771,Rechargeable battery backup,Energizer UE20011PQ,Energizer,https://www.thegioididong.com/sac-dtdd/energizer-ue20011pq?src=osp,1100000,0,0,01/03/2022
235121,Rechargeable battery backup,Mophie Powerstation XXL,Mophie,https://www.thegioididong.com/sac-dtdd/mophie-20000-mah-powerstation?src=osp,1490000,0,0,01/03/2022
235120,Rechargeable battery backup,Mophie Powerstation XL,Mophie,https://www.thegioididong.com/sac-dtdd/polymer-10000mah-type-c-pd-mophie?src=osp,990000,0,0,01/03/2022
234502,Rechargeable battery backup,AVA LA Y65,AVA,https://www.thegioididong.com/sac-dtdd/10000mah-ava-la-y65-con-trau-vang?src=osp,400000,1.2,12,01/03/2022
233283,Rechargeable battery backup,Samsung EB-P3300,Samsung,https://www.thegioididong.com/sac-dtdd/polymer-10000mah-type-c-25w-samsung-eb-p3300?src=osp,990000,3.9,12,01/03/2022
233280,Rechargeable battery backup,Samsung EB-P5300,Samsung,https://www.thegioididong.com/sac-dtdd/polymer-20000mah-type-c-25w-samsung-eb-p5300?src=osp,1490000,3.8,8,01/03/2022
233120,Rechargeable battery backup,Xiaomi Power Bank 3 Ultra Compact,Xiaomi,https://www.thegioididong.com/sac-dtdd/polymer-10000mah-xiaomi-ultra-compact?src=osp,7900,4.3,7,01/03/2022
232850,Rechargeable battery backup,Energizer UE10054BK,Energizer,https://www.thegioididong.com/sac-dtdd/polymer-10000mah-type-c-energizer?src=osp,550000,0,0,01/03/2022
232353,Rechargeable battery backup,AVA DS004,AVA,https://www.thegioididong.com/sac-dtdd/pin-sac-du-phong-7500mah-ava-ds004?src=osp,300000,2.2,5,01/03/2022
230661,Rechargeable battery backup,AVA DS630,AVA,https://www.thegioididong.com/sac-dtdd/pin-sac-du-phong-7500mah-ava-ds630?src=osp,300000,2.5,23,01/03/2022
229277,Rechargeable battery backup,AVA PJ JP207,AVA,https://www.thegioididong.com/sac-dtdd/pin-sac-du-phong-polymer-10000mah-ava-pj-jp207-xam?src=osp,450000,2.3,24,01/03/2022
229038,Rechargeable battery backup,Xmobile PowerBox P69D,Xmobile,https://www.thegioididong.com/sac-dtdd/sac-du-phong-polymer-20000mah-type-c-xmobile-p69d?src=osp,950000,4.0,53,01/03/2022
229037,Rechargeable battery backup,Xmobile PowerBox P72D,Xmobile,https://www.thegioididong.com/sac-dtdd/sac-du-phong-polymer-15000mah-type-c-xmobile-p72d?src=osp,900000,3.4,35,01/03/2022
228892,Rechargeable battery backup,Xmobile PowerSlim PJ JP213,Xmobile,https://www.thegioididong.com/sac-dtdd/sac-du-phong-10000mah-type-c-powerslim-jp213?src=osp,700000,3.4,73,01/03/2022
227077,Rechargeable battery backup,Anker PowerCore Essential A1281 Fabric,Anker,https://www.thegioididong.com/sac-dtdd/sac-du-phong-20000mah-powercore-essential-anker?src=osp,1400000,4.5,4,01/03/2022
227075,Rechargeable battery backup,Anker PowerCore Select A1223,Anker,https://www.thegioididong.com/sac-dtdd/sac-du-phong-10000mah-anker-powercore-select-a1223?src=osp,600000,0,0,01/03/2022
226703,Rechargeable battery backup,Xiaomi VXN4286GL,Xiaomi,https://www.thegioididong.com/sac-dtdd/pin-sac-du-phong-10000mah-xiaomi-redmi-type-c?src=osp,400000,3.4,17,01/03/2022
225830,Rechargeable battery backup,AVA DS008-WB,AVA,https://www.thegioididong.com/sac-dtdd/pin-sac-du-phong-10000mah-ava-ds008-wb-xam?src=osp,400000,4.6,10,01/03/2022
225829,Rechargeable battery backup,AVA DS003-WB,AVA,https://www.thegioididong.com/sac-dtdd/pin-sac-du-phong-10000mah-ava-ds003-wb-xanh?src=osp,400000,3.1,9,01/03/2022
224988,Rechargeable battery backup,AVA LA Y65,AVA,https://www.thegioididong.com/sac-dtdd/pin-sac-du-phong-10000mah-ava-la-y65?src=osp,400000,1.8,16,01/03/2022
223828,Rechargeable battery backup,Energizer UE10047PQ,Energizer,https://www.thegioididong.com/sac-dtdd/sac-du-phong-10000mah-type-c-energizer-ue10047pq?src=osp,850000,3.8,17,01/03/2022
145723,Rechargeable battery backup,eSaver PJ JP106S,eSaver,https://www.thegioididong.com/sac-dtdd/polymer-10000-mah-type-c-esaver-pj-jp106s?src=osp,600000,4.3,236,01/03/2022
221622,Rechargeable battery backup,Anker PowerCore II A1230,Anker,https://www.thegioididong.com/sac-dtdd/sac-du-phong-10000mah-anker-powercore-ii-a1230?src=osp,950000,0,0,01/03/2022
220803,Rechargeable battery backup,Xiaomi Mi Wireless Power Bank Essential,Xiaomi,https://www.thegioididong.com/sac-dtdd/sac-du-phong-polymer-10000mah-khong-day-xiaomi?src=osp,699000,3.8,8,01/03/2022
218068,Rechargeable battery backup,Anker PowerCore Metro Essential A1268,Anker,https://www.thegioididong.com/sac-dtdd/pin-du-phong-20000mah-type-c-anker-powercore-a1268?src=osp,1200000,4.5,7,01/03/2022
218060,Rechargeable battery backup,Anker PowerCore Slim A1229,Anker,https://www.thegioididong.com/sac-dtdd/pin-du-phong-10000mah-type-c-anker-powercore-a1229?src=osp,800000,0,0,01/03/2022
217992,Rechargeable battery backup,AUKEY PB-XN10,AUKEY,https://www.thegioididong.com/sac-dtdd/sac-du-phong-polymer-10000mah-type-c-aukey-pb-xn10?src=osp,490000,3.7,11,01/03/2022
217855,Rechargeable battery backup,Energizer QE10007PQ,Energizer,https://www.thegioididong.com/sac-dtdd/pin-sac-khong-day-10000mah-type-c-pd-qc3-qe10007pq?src=osp,10000,3.6,23,01/03/2022
217433,Rechargeable battery backup,AVA LJ JP195,AVA,https://www.thegioididong.com/sac-dtdd/pin-sac-du-phong-7500mah-ava-lj-jp195?src=osp,300000,2.0,36,01/03/2022
216136,Rechargeable battery backup,Xiaomi Power Bank 3,Xiaomi,https://www.thegioididong.com/sac-dtdd/pin-sac-du-phong-polymer-10000mah-xiaomi-mi-18w?src=osp,499000,4.8,45,01/03/2022
214976,Rechargeable battery backup,AVA PA W11 X,AVA,https://www.thegioididong.com/sac-dtdd/pin-sac-du-phong-polymer-10000mah-ava-pa-w11-x?src=osp,450000,1.5,24,01/03/2022
214690,Rechargeable battery backup,Mbest DS506-WB,Mbest,https://www.thegioididong.com/sac-dtdd/pin-sac-du-phong-polymer-10000mah-type-c-pd-qc30-m?src=osp,700000,2.8,22,01/03/2022
212941,Rechargeable battery backup,AVA Pilot,AVA,https://www.thegioididong.com/sac-dtdd/pin-sac-du-phong-polymer-10000mah-ava-pilot?src=osp,400000,3.7,18,01/03/2022
212876,Rechargeable battery backup,iWalk UBC10000PS,iWalk,https://www.thegioididong.com/sac-dtdd/sac-du-phong-polymer-10000mah-c-pd-qc30-ubc10000ps?src=osp,650000,4.4,5,01/03/2022
209142,Rechargeable battery backup,Xmobile PJ JP151,Xmobile,https://www.thegioididong.com/sac-dtdd/sac-du-phong-10000mah-wireless-xmobile-jp151-den?src=osp,600000,2.9,15,01/03/2022
208991,Rechargeable battery backup,Anker PowerCore A1263,Anker,https://www.thegioididong.com/sac-dtdd/sac-du-phong-anker-powercore-a1263?src=osp,790000,0,0,01/03/2022
208215,Rechargeable battery backup,AUKEY PB-XD10,AUKEY,https://www.thegioididong.com/sac-dtdd/pin-du-phong-10050mah-type-c-pd-qc30-aukey-pb-xd10?src=osp,590000,3.4,10,01/03/2022
205795,Rechargeable battery backup,Anker PowerCore Lite A1232,Anker,https://www.thegioididong.com/sac-dtdd/sac-10000mah-type-c-anker-powercore-lite-a1232-den?src=osp,800000,0,0,01/03/2022
204418,Rechargeable battery backup,Energizer Báo Xám QE10000GY,Energizer,https://www.thegioididong.com/sac-dtdd/pin-du-phong-c-wireless-energizer-qc10000gy-xam?src=osp,900000,3.8,22,01/03/2022
204250,Rechargeable battery backup,Energizer Chiến Binh II UE10046,Energizer,https://www.thegioididong.com/sac-dtdd/pin-du-phong-polymer-10000mah-energizer-ue10046-xa?src=osp,550000,4.5,36,01/03/2022
204174,Rechargeable battery backup,AVA DS629-WB,AVA,https://www.thegioididong.com/sac-dtdd/pin-sac-du-phong-10000mah-ava-ds629-wb-xanh-navy?src=osp,350000,3.5,6,01/03/2022
204169,Rechargeable battery backup,AVA DS630-WB,AVA,https://www.thegioididong.com/sac-dtdd/pin-sac-du-phong-7500mah-ava-ds630-wb-trang?src=osp,250000,3.7,9,01/03/2022
203734,Rechargeable battery backup,AVA PA W11,AVA,https://www.thegioididong.com/sac-dtdd/pin-sac-du-phong-polymer-10000mah-ava-pa-w11?src=osp,400000,2.2,10,01/03/2022
203362,Rechargeable battery backup,AUKEY PB-N42,AUKEY,https://www.thegioididong.com/sac-dtdd/pin-du-phong-polymer-10000mah-aukey-pb-n42?src=osp,390000,2.1,8,01/03/2022
198272,Rechargeable battery backup,Xmobile Atela 10,Xmobile,https://www.thegioididong.com/sac-dtdd/sac-du-phong-polymer-10000mah-xmobile-atela-10?src=osp,600000,2.8,46,01/03/2022
197862,Rechargeable battery backup,Xmobile Gram 4,Xmobile,https://www.thegioididong.com/sac-dtdd/pin-sac-du-phong-10000mah-xmobile-gram-4-xanh-navy?src=osp,450000,2.0,35,01/03/2022
197861,Rechargeable battery backup,Xmobile Gram 4 Dull Dog,Xmobile,https://www.thegioididong.com/sac-dtdd/pin-sac-du-phong-10000mah-xmobile-gram-4-dull-dog?src=osp,450000,1.9,44,01/03/2022
197792,Rechargeable battery backup,eSaver PJ JP188,eSaver,https://www.thegioididong.com/sac-dtdd/pin-sac-du-phong-polymer-10000mah-lightning-jp188?src=osp,600000,3.4,41,01/03/2022
197290,Rechargeable battery backup,AVA PJ JP191,AVA,https://www.thegioididong.com/sac-dtdd/pin-sac-du-phong-polymer-10000mah-ava-pj-jp191?src=osp,400000,2.1,53,01/03/2022
197288,Rechargeable battery backup,AVA LJ JP197,AVA,https://www.thegioididong.com/sac-dtdd/pin-sac-du-phong-7500mah-ava-lj-jp197?src=osp,250000,3.2,26,01/03/2022
197287,Rechargeable battery backup,AVA LA CT23,AVA,https://www.thegioididong.com/sac-dtdd/pin-sac-du-phong-7500mah-ava-la-ct23?src=osp,250000,3.7,23,01/03/2022
197286,Rechargeable battery backup,AVA TS-D151,AVA,https://www.thegioididong.com/sac-dtdd/pin-sac-du-phong-10000mah-ava-ts-d151?src=osp,350000,2.7,43,01/03/2022
197284,Rechargeable battery backup,AVA DS421-WB,AVA,https://www.thegioididong.com/sac-dtdd/pin-sac-du-phong-10000mah-ava-ds421-wb-trang?src=osp,3500,3.1,33,01/03/2022
195149,Rechargeable battery backup,eValu PA Croco,eValu,https://www.thegioididong.com/sac-dtdd/pin-sac-du-phong-polymer-10000mah-evalu-pa-croco?src=osp,600000,3.9,36,01/03/2022
174748,Rechargeable battery backup,eValu PA F1 Air,eValu,https://www.thegioididong.com/sac-dtdd/sac-du-phong-polymer-10000mah-qc-3-evalu-pa-f1-air?src=osp,600000,4.2,78,01/03/2022
169490,Rechargeable battery backup,Sony CP-V10B-WC LA,Sony,https://www.thegioididong.com/sac-dtdd/sac-du-phong-polymer-10000mah-sony-cp-v10b-wc?src=osp,8900,0,0,01/03/2022
140801,Rechargeable battery backup,Sony CP-V9/BC ULA,Sony,https://www.thegioididong.com/sac-dtdd/sac-du-phong-polymer-8700mah-sony-cp-v9-bc-ula?src=osp,890000,0,0,01/03/2022
234910,Smart watch ,Apple Watch S6 LTE 40mm viền nhôm dây silicone,Apple,https://www.thegioididong.com/dong-ho-thong-minh/s6-lte-40mm-vien-nhom-day-cao-su-hong?src=osp,14990000,0,0,01/03/2022
247124,Smart watch ,Samsung Galaxy Watch 3 LTE 41mm viền thép dây da,Samsung,https://www.thegioididong.com/dong-ho-thong-minh/samsung-galaxy-watch-3-lte-vien-thep-day-da-hong?src=osp,10490000,0,0,01/03/2022
248117,Smart watch ,BeU Sporty 1,BeU,https://www.thegioididong.com/dong-ho-thong-minh/beu-sporty-1?src=osp,1790000,3.0,31,01/03/2022
248752,Smart watch ,Samsung Galaxy Watch 4 40mm,Samsung,https://www.thegioididong.com/dong-ho-thong-minh/samsung-galaxy-watch-4-40mm?src=osp,6490000,0,0,01/03/2022
226473,Smart watch ,Samsung Galaxy Watch 3 45mm viền thép đen dây da,Samsung,https://www.thegioididong.com/dong-ho-thong-minh/samsung-galaxy-watch-3-45mm?src=osp,9990000,3.1,56,01/03/2022
248761,Smart watch ,Samsung Galaxy Watch 4 Classic 46mm,Samsung,https://www.thegioididong.com/dong-ho-thong-minh/samsung-galaxy-watch-4-classic-46mm?src=osp,8990000,0,0,01/03/2022
234917,Smart watch ,Apple Watch S6 LTE 40mm viền thép dây cao su,Apple,https://www.thegioididong.com/dong-ho-thong-minh/s6-lte-40mm-vien-thep-day-cao-su?src=osp,19990000,0,0,01/03/2022
225648,Smart watch ,Oppo Watch 46mm dây silicone,Oppo,https://www.thegioididong.com/dong-ho-thong-minh/oppo-watch-46mm-day-silicone?src=osp,7990000,3.6,17,01/03/2022
250639,Smart watch ,Apple Watch Series 7 LTE 41mm,Apple,https://www.thegioididong.com/dong-ho-thong-minh/apple-watch-s7-lte-41mm?src=osp,14990000,0,0,01/03/2022
229063,Smart watch ,Apple Watch SE 44mm viền nhôm dây cao su,Apple,https://www.thegioididong.com/dong-ho-thong-minh/apple-watch-se-44mm-vien-nhom-day-cao-su?src=osp,9990000,4.8,11,01/03/2022
248765,Smart watch ,Samsung Galaxy Watch 4 LTE Classic 46mm,Samsung,https://www.thegioididong.com/dong-ho-thong-minh/samsung-galaxy-watch-4-lte-classic-46mm?src=osp,9990000,0,0,01/03/2022
226475,Smart watch ,Samsung Galaxy Watch 3 41mm viền thép dây da,Samsung,https://www.thegioididong.com/dong-ho-thong-minh/samsung-galaxy-watch-3-41mm?src=osp,9490000,2.8,22,01/03/2022
248115,Smart watch ,BeU Active 1,BeU,https://www.thegioididong.com/dong-ho-thong-minh/beu-active-1?src=osp,1390000,2.9,20,01/03/2022
234523,Smart watch ,Apple Watch S6 LTE 44mm viền nhôm dây cao su,Apple,https://www.thegioididong.com/dong-ho-thong-minh/s6-lte-44mm-vien-nhom-day-cao-su-xanh?src=osp,15990000,0,0,01/03/2022
230634,Smart watch ,Samsung Galaxy Watch 3 41mm viền thép dây da,Samsung,https://www.thegioididong.com/dong-ho-thong-minh/samsung-galaxy-watch-3-41mm-bac?src=osp,9490000,2.8,23,01/03/2022
250656,Smart watch ,Apple Watch Series 7 LTE 45mm dây thép,Apple,https://www.thegioididong.com/dong-ho-thong-minh/apple-watch-s7-lte-45mm-day-thep?src=osp,22990000,0,0,01/03/2022
252284,Smart watch ,Apple Watch Series 7 LTE 45mm viền thép,Apple,https://www.thegioididong.com/dong-ho-thong-minh/apple-watch-series-7-lte-45mm-vien-thep?src=osp,21990000,0,0,01/03/2022
250651,Smart watch ,Apple Watch Series 7 LTE 41mm dây thép,Apple,https://www.thegioididong.com/dong-ho-thong-minh/apple-watch-s7-lte-41mm-day-thep?src=osp,20990000,0,0,01/03/2022
252283,Smart watch ,Apple Watch Series 7 LTE 41mm viền thép,Apple,https://www.thegioididong.com/dong-ho-thong-minh/apple-watch-series-7-lte-41mm-vien-thep?src=osp,20990000,0,0,01/03/2022
229040,Smart watch ,Apple Watch S6 LTE 44mm viền thép dây thép,Apple,https://www.thegioididong.com/dong-ho-thong-minh/apple-watch-s6-lte-44mm-vien-thep-day-thep?src=osp,21990000,0,0,01/03/2022
239477,Smart watch ,Apple Watch S6 LTE 44mm viền thép dây cao su xanh dương,Apple,https://www.thegioididong.com/dong-ho-thong-minh/s6-lte-44mm-vien-thep-day-cao-su?src=osp,20990000,0,0,01/03/2022
229030,Smart watch ,Apple Watch S6 LTE 40mm viền thép dây thép,Apple,https://www.thegioididong.com/dong-ho-thong-minh/apple-watch-s6-lte-40mm-vien-thep-day-thep?src=osp,20990000,0,0,01/03/2022
250640,Smart watch ,Apple Watch Series 7 LTE 45mm,Apple,https://www.thegioididong.com/dong-ho-thong-minh/apple-watch-s7-lte-45mm?src=osp,15990000,0,0,01/03/2022
250638,Smart watch ,Apple Watch Series 7 GPS 45mm,Apple,https://www.thegioididong.com/dong-ho-thong-minh/apple-watch-s7-45mm?src=osp,12990000,0,0,01/03/2022
249906,Smart watch ,Apple Watch Series 7 GPS 41mm,Apple,https://www.thegioididong.com/dong-ho-thong-minh/apple-watch-s7-41mm?src=osp,11990000,0,0,01/03/2022
229059,Smart watch ,Apple Watch SE LTE 44mm viền nhôm dây cao su,Apple,https://www.thegioididong.com/dong-ho-thong-minh/apple-watch-se-lte-44mm-vien-nhom-day-cao-su?src=osp,11990000,0,0,01/03/2022
229058,Smart watch ,Apple Watch SE LTE 40mm viền nhôm dây silicone,Apple,https://www.thegioididong.com/dong-ho-thong-minh/apple-watch-se-lte-40mm-vien-nhom-day-cao-su?src=osp,10990000,0,0,01/03/2022
234912,Smart watch ,Apple Watch S6 44mm viền nhôm dây cao su,Apple,https://www.thegioididong.com/dong-ho-thong-minh/s6-44mm-vien-nhom-day-cao-su?src=osp,12990000,3.6,17,01/03/2022
248764,Smart watch ,Samsung Galaxy Watch 4 LTE Classic 42mm,Samsung,https://www.thegioididong.com/dong-ho-thong-minh/samsung-galaxy-watch-4-lte-classic-42mm?src=osp,9490000,2.5,5,01/03/2022
229044,Smart watch ,Apple Watch S6 40mm viền nhôm dây silicone,Apple,https://www.thegioididong.com/dong-ho-thong-minh/apple-watch-s6-40mm-vien-nhom-day-cao-su?src=osp,11990000,4.4,8,01/03/2022
248758,Smart watch ,Samsung Galaxy Watch 4 Classic 42mm,Samsung,https://www.thegioididong.com/dong-ho-thong-minh/samsung-galaxy-watch-4-classic-42mm?src=osp,8490000,0,0,01/03/2022
248755,Smart watch ,Samsung Galaxy Watch 4 LTE 44mm,Samsung,https://www.thegioididong.com/dong-ho-thong-minh/samsung-galaxy-watch-4-lte-44mm?src=osp,7990000,0,0,01/03/2022
234918,Smart watch ,Apple Watch SE 40mm viền nhôm dây silicone,Apple,https://www.thegioididong.com/dong-ho-thong-minh/se-40mm-vien-nhom-day-cao-su-hong?src=osp,8990000,4.0,13,01/03/2022
215838,Smart watch ,Apple Watch S3 LTE 42mm viền nhôm dây cao su,Apple,https://www.thegioididong.com/dong-ho-thong-minh/apple-watch-s3-lte-42mm-vien-nhom-day-cao-su?src=osp,9990000,2.7,6,01/03/2022
248754,Smart watch ,Samsung Galaxy Watch 4 LTE 40mm,Samsung,https://www.thegioididong.com/dong-ho-thong-minh/samsung-galaxy-watch-4-lte-40mm?src=osp,7490000,0,0,01/03/2022
248753,Smart watch ,Samsung Galaxy Watch 4 44mm,Samsung,https://www.thegioididong.com/dong-ho-thong-minh/samsung-galaxy-watch-4-44mm?src=osp,6990000,0,0,01/03/2022
194536,Smart watch ,Apple Watch S3 GPS 42mm viền nhôm dây cao su,Apple,https://www.thegioididong.com/dong-ho-thong-minh/apple-watch-s3-gps-42mm-vien-nhom-day-cao-su-den?src=osp,6990000,4.0,30,01/03/2022
226282,Smart watch ,Oppo Watch 46mm dây silicone,Oppo,https://www.thegioididong.com/dong-ho-thong-minh/oppo-watch-46mm-day-silicone-hong?src=osp,7990000,0,0,01/03/2022
212732,Smart watch ,Samsung Galaxy Watch Active 2 44mm viền thép dây da,Samsung,https://www.thegioididong.com/dong-ho-thong-minh/samsung-galaxy-watch-active-2-44-mm-day-da?src=osp,9990000,2.5,22,01/03/2022
230635,Smart watch ,Samsung Galaxy Watch 3 45mm viền thép dây da,Samsung,https://www.thegioididong.com/dong-ho-thong-minh/samsung-galaxy-watch-3-45mm-bac?src=osp,9990000,4.2,14,01/03/2022
226476,Smart watch ,Samsung Galaxy Watch 3 LTE 45mm viền thép dây da,Samsung,https://www.thegioididong.com/dong-ho-thong-minh/samsung-galaxy-watch-3-lte-45mm?src=osp,10990000,4.0,54,01/03/2022
239158,Smart watch ,Apple Watch S3 GPS 38mm viền nhôm dây cao su,Apple,https://www.thegioididong.com/dong-ho-thong-minh/apple-watch-s3-gps-38mm-trang?src=osp,5990000,0,0,01/03/2022
226278,Smart watch ,Oppo Watch 41mm dây silicone,Oppo,https://www.thegioididong.com/dong-ho-thong-minh/oppo-watch-41mm-day-silicone-den?src=osp,5990000,2.1,27,01/03/2022
226477,Smart watch ,Samsung Galaxy Watch 3 LTE 41mm viền thép dây da đen,Samsung,https://www.thegioididong.com/dong-ho-thong-minh/samsung-galaxy-watch-3-lte-41mm?src=osp,10490000,3.5,28,01/03/2022
256042,Basic mouse,Chuột Không Dây Rapoo M20 Plus Đen,Rapoo,https://www.thegioididong.com/chuot-may-tinh/chuot-khong-day-rapoo-m20-plus?src=osp,200000,0,0,01/03/2022
252625,Basic mouse,Chuột Không Dây Rapoo M216 Đen,Rapoo,https://www.thegioididong.com/chuot-may-tinh/chuot-khong-day-rapoo-m216-den?src=osp,200000,0,0,01/03/2022
251787,Basic mouse,Chuột Bluetooth Apple MK2E3 Trắng,Apple,https://www.thegioididong.com/chuot-may-tinh/chuot-bluetooth-apple-mk2e3-trang?src=osp,2490000,0,0,01/03/2022
246197,Basic mouse,Chuột Không Dây Bluetooth Rapoo M160 Đen,Rapoo,https://www.thegioididong.com/chuot-may-tinh/chuot-khong-day-bluetooth-rapoo-m160-den?src=osp,220000,2.0,4,01/03/2022
246193,Basic mouse,Chuột Có Dây Gaming Rapoo VT30 Đen,Rapoo,https://www.thegioididong.com/chuot-may-tinh/chuot-co-day-gaming-rapoo-vt30-den?src=osp,690000,0,0,01/03/2022
243426,Basic mouse,Chuột Có Dây Gaming Razer Viper Mini,Razer,https://www.thegioididong.com/chuot-may-tinh/chuot-co-day-gaming-razer-viper-mini?src=osp,1090000,0,0,01/03/2022
243418,Basic mouse,Chuột Có Dây Gaming Razer DeathAdder Essential,Razer,https://www.thegioididong.com/chuot-may-tinh/chuot-co-day-gaming-razer-deathadder-essential?src=osp,749000,0,0,01/03/2022
243403,Basic mouse,Chuột Có Dây Gaming Razer DeathAdder V2,Razer,https://www.thegioididong.com/chuot-may-tinh/chuot-co-day-gaming-razer-deathadder-v2-den?src=osp,1990000,0,0,01/03/2022
243279,Basic mouse,Chuột Không Dây Gaming Razer Basilisk x HyperSpeed,Razer,https://www.thegioididong.com/chuot-may-tinh/chuot-khong-day-gaming-razer-basilisk-x-hyperspeed?src=osp,1330000,0,0,01/03/2022
237417,Basic mouse,Chuột Bluetooth Apple MLA02,Apple,https://www.thegioididong.com/chuot-may-tinh/chuot-bluetooth-apple-mla02?src=osp,2490000,0,0,01/03/2022
236387,Basic mouse,Chuột không dây Logitech MX Master 3 Đen,không,https://www.thegioididong.com/chuot-may-tinh/chuot-khong-day-logitech-mx-master-3-den?src=osp,2490000,0,0,01/03/2022
235979,Basic mouse,Chuột Có Dây Silent Rapoo N1200 Đen,Rapoo,https://www.thegioididong.com/chuot-may-tinh/chuot-co-day-silent-rapoo-n1200-den?src=osp,100000,3.8,6,01/03/2022
235682,Basic mouse,Chuột Có Dây Rapoo N200 Đen,Rapoo,https://www.thegioididong.com/chuot-may-tinh/chuot-co-day-rapoo-n200-den?src=osp,100000,2.7,12,01/03/2022
235681,Basic mouse,Chuột Gaming HyperX Pulsefire Core RGB Đen,HyperX,https://www.thegioididong.com/chuot-may-tinh/chuot-gaming-hyperx-pulsefire-core-rgb-den?src=osp,690000,0,0,01/03/2022
235680,Basic mouse,Chuột Có Dây Gaming HyperX Pulsefire FPS Pro RGB,HyperX,https://www.thegioididong.com/chuot-may-tinh/chuot-gaming-hyperx-pulsefire-fps-pro-rgb-den?src=osp,990000,0,0,01/03/2022
235591,Basic mouse,Chuột Có Dây Gaming HyperX Pulsefire Surge RGB,HyperX,https://www.thegioididong.com/chuot-may-tinh/chuot-gaming-hyperx-pulsefire-surge-rgb-den?src=osp,1140000,0,0,01/03/2022
234490,Basic mouse,Chuột Có Dây Gaming Logitech G102 Gen2 Lightsync,Logitech,https://www.thegioididong.com/chuot-may-tinh/chuot-gaming-logitech-g102-gen2-lightsync?src=osp,5990,4.0,6,01/03/2022
233778,Basic mouse,Chuột Không Dây Bluetooth Rapoo MT550,Rapoo,https://www.thegioididong.com/chuot-may-tinh/chuot-khong-day-bluetooth-rapoo-mt550-den?src=osp,699000,0,0,01/03/2022
233777,Basic mouse,Chuột Không Dây Rapoo M10 Plus,Rapoo,https://www.thegioididong.com/chuot-may-tinh/chuot-khong-day-rapoo-m10-plus?src=osp,200000,0,0,01/03/2022
233298,Basic mouse,Chuột Có Dây Gaming Corsair Nightsword RGB Đen,Corsair,https://www.thegioididong.com/chuot-may-tinh/chuot-gaming-corsair-nightsword-rgb-den?src=osp,2090000,0,0,01/03/2022
233297,Basic mouse,Chuột Không Dây Bluetooth Gaming Corsair Iron Claw RGB Đen,Corsair,https://www.thegioididong.com/chuot-may-tinh/chuot-khong-day-gaming-corsair-iron-claw-rgb-den?src=osp,2090000,0,0,01/03/2022
233296,Basic mouse,Chuột Không Dây Logitech M331,Logitech,https://www.thegioididong.com/chuot-may-tinh/chuot-khong-day-silent-logitech-m331?src=osp,370000,4.5,17,01/03/2022
233225,Basic mouse,Chuột Không Dây Logitech M190,Logitech,https://www.thegioididong.com/chuot-may-tinh/chuot-khong-day-logitech-m190?src=osp,2890,4.4,6,01/03/2022
232214,Basic mouse,Chuột Không Dây Rapoo 1620,Rapoo,https://www.thegioididong.com/chuot-may-tinh/chuot-khong-day-rapoo-1620-den?src=osp,200000,2.0,3,01/03/2022
232213,Basic mouse,Chuột Không Dây Bluetooth Logitech MX Anywhere 3 Xám,Logitech,https://www.thegioididong.com/chuot-may-tinh/chuot-khong-day-logitech-mx-anywhere-3?src=osp,1999000,0,0,01/03/2022
231243,Basic mouse,Chuột Không Dây Genius NX 7005,Genius,https://www.thegioididong.com/chuot-may-tinh/chuot-khong-day-genius-nx-7005-den?src=osp,200000,0,0,01/03/2022
229593,Basic mouse,Chuột Không Dây Zadez M353,Zadez,https://www.thegioididong.com/chuot-may-tinh/chuot-khong-day-zadez-m353-xam?src=osp,300000,2.3,3,01/03/2022
229590,Basic mouse,Chuột Có Dây Gaming Zadez G151M,Zadez,https://www.thegioididong.com/chuot-may-tinh/chuot-gaming-zadez-g151m-den?src=osp,300000,0,0,01/03/2022
229589,Basic mouse,Chuột Không Dây Zadez M338,Zadez,https://www.thegioididong.com/chuot-may-tinh/chuot-khong-day-zadez-m338?src=osp,300000,2.8,6,01/03/2022
229586,Basic mouse,Chuột Có Dây Zadez M213,Zadez,https://www.thegioididong.com/chuot-may-tinh/chuot-co-day-zadez-m213-den?src=osp,100000,3.4,10,01/03/2022
229575,Basic mouse,Chuột Bluetooth Microsoft Arc,Microsoft,https://www.thegioididong.com/chuot-may-tinh/chuot-bluetooth-microsoft-arc?src=osp,24500,0,0,01/03/2022
229571,Basic mouse,Chuột Không Dây Bluetooth Rapoo M500,Rapoo,https://www.thegioididong.com/chuot-may-tinh/chuot-bluetooth-silent-rapoo-m500?src=osp,500000,1.7,6,01/03/2022
227522,Basic mouse,Chuột Có Dây Gaming Rapoo VT200,Rapoo,https://www.thegioididong.com/chuot-may-tinh/chuot-gaming-rapoo-vt200-den?src=osp,590000,0,0,01/03/2022
227521,Basic mouse,Chuột Không Dây Bluetooth Silent Rapoo M300,Rapoo,https://www.thegioididong.com/chuot-may-tinh/chuot-khong-day-silent-rapoo-m300?src=osp,490000,2.0,12,01/03/2022
226793,Basic mouse,Chuột Không Dây Bluetooth Zadez M398,Zadez,https://www.thegioididong.com/chuot-may-tinh/chuot-bluetooth-zadez-m398-den?src=osp,650000,2.7,3,01/03/2022
226792,Basic mouse,Chuột Không Dây Bluetooth Zadez M350,Zadez,https://www.thegioididong.com/chuot-may-tinh/chuot-bluetooth-zadez-m350?src=osp,320000,3.3,21,01/03/2022
226483,Basic mouse,Chuột Không Dây Bluetooth Gaming Corsair Harpoon RGB Đen,Corsair,https://www.thegioididong.com/chuot-may-tinh/chuot-bluetooth-gaming-corsair-harpoon-rgb-den?src=osp,1390000,3.0,3,01/03/2022
226480,Basic mouse,Chuột Có Dây Gaming Corsair Harpoon RGB Pro Đen,Corsair,https://www.thegioididong.com/chuot-may-tinh/chuot-gaming-corsair-harpoon-rgb-pro-den?src=osp,450000,0,0,01/03/2022
226479,Basic mouse,Chuột Có Dây Gaming Corsair M55 RGB Pro,Corsair,https://www.thegioididong.com/chuot-may-tinh/chuot-gaming-corsair-m55-rgb-pro-den?src=osp,890000,0,0,01/03/2022
225368,Basic mouse,Chuột Bluetooth Microsoft Sculpt Comfort,Microsoft,https://www.thegioididong.com/chuot-may-tinh/chuot-bluetooth-microsoft-sculpt-comfort-den?src=osp,1010000,0,0,01/03/2022
225024,Basic mouse,Chuột Bluetooth Microsoft RJN,Microsoft,https://www.thegioididong.com/chuot-may-tinh/chuot-bluetooth-microsoft-rjn?src=osp,599000,3.3,7,01/03/2022
225023,Basic mouse,Chuột Bluetooth Microsoft Modern Mobile KTF,Microsoft,https://www.thegioididong.com/chuot-may-tinh/chuot-bluetooth-microsoft-modern-mobile-ktf?src=osp,899000,0,0,01/03/2022
223821,Basic mouse,Chuột Không Dây Logitech M185,Logitech,https://www.thegioididong.com/chuot-may-tinh/chuot-khong-day-logitech-m185?src=osp,250000,3.1,11,01/03/2022
222772,Basic mouse,Chuột Không Dây eValu M806,eValu,https://www.thegioididong.com/chuot-may-tinh/chuot-khong-day-evalu-m806?src=osp,150000,2.4,13,01/03/2022
220368,Basic mouse,Chuột Có Dây Gaming Asus TUF M3,Asus,https://www.thegioididong.com/chuot-may-tinh/chuot-gaming-asus-tuf-m3-den?src=osp,550000,0,0,01/03/2022
217264,Basic mouse,Chuột Có Dây Gaming Zadez G-152M,Chuột,https://www.thegioididong.com/chuot-may-tinh/chuo-t-gaming-zadez-g-152m-den?src=osp,300000,1.7,14,01/03/2022
212119,Basic mouse,Chuột Có Dây Gaming Rapoo V16,Rapoo,https://www.thegioididong.com/chuot-may-tinh/chuot-gaming-rapoo-v16-den?src=osp,350000,0,0,01/03/2022
211274,Basic mouse,Chuột Có Dây Gaming Zadez G-610M,Zadez,https://www.thegioididong.com/chuot-may-tinh/chuot-gaming-zadez-g-610m-den?src=osp,190000,3.9,39,01/03/2022
211272,Basic mouse,Chuột Không Dây Bluetooth Logitech MX Anywhere 2S,Logitech,https://www.thegioididong.com/chuot-may-tinh/chuot-bluetooth-logitech-mx-anywhere-2s-den?src=osp,1390000,0,0,01/03/2022
211271,Basic mouse,Chuột Không Dây Bluetooth Logitech MX Master 2S,Logitech,https://www.thegioididong.com/chuot-may-tinh/chuot-bluetooth-logitech-mx-master-2s-den?src=osp,1790000,0,0,01/03/2022
209756,Basic mouse,Chuột Có Dây Gaming Logitech G502 Hero,Logitech,https://www.thegioididong.com/chuot-may-tinh/chuot-gaming-logitech-g502-hero-den?src=osp,1390000,0,0,01/03/2022
209753,Basic mouse,Chuột Có Dây Gaming Logitech G403 Hero,Logitech,https://www.thegioididong.com/chuot-may-tinh/chuot-gaming-logitech-g403-hero-den?src=osp,1090000,0,0,01/03/2022
209751,Basic mouse,Chuột Có Dây Gaming Logitech G402 Hyperion Fury,Logitech,https://www.thegioididong.com/chuot-may-tinh/chuot-gaming-logitech-g402-hyperion-fury-den?src=osp,750000,0,0,01/03/2022
209749,Basic mouse,Chuột Không Dây Bluetooth Logitech Pebble M350,Logitech,https://www.thegioididong.com/chuot-may-tinh/chuot-bluetooth-silent-logitech-pebble-m350?src=osp,6500,4.8,11,01/03/2022
205984,Basic mouse,Chuột Có Dây Gaming Logitech G102,Logitech,https://www.thegioididong.com/chuot-may-tinh/chuot-gaming-logitech-g102-den?src=osp,490000,2.3,4,01/03/2022
203159,Basic mouse,Chuột Không Dây Logitech M220,Logitech,https://www.thegioididong.com/chuot-may-tinh/chuot-khong-day-logitech-silent-m220-den?src=osp,300000,4.3,27,01/03/2022
195377,Basic mouse,Chuột Không Dây Bluetooth Rapoo T200,Rapoo,https://www.thegioididong.com/chuot-may-tinh/chuot-khong-day-bluetooth-rapoo-t200-den-xam?src=osp,3500,2.8,14,01/03/2022
195376,Basic mouse,Chuột Không Dây Logitech M170,Logitech,https://www.thegioididong.com/chuot-may-tinh/chuot-khong-day-logitech-m170-den?src=osp,200000,4.3,35,01/03/2022
156977,Basic mouse,Chuột Có Dây Logitech M100r,Chuột,https://www.thegioididong.com/chuot-may-tinh/chuo-t-co-day-logitech-m100r-den?src=osp,100000,4.9,137,01/03/2022
156958,Basic mouse,Chuột Bluetooth Logitech M337,Chuột,https://www.thegioididong.com/chuot-may-tinh/chuot-bluetooth-logitech-m337?src=osp,450000,3.2,11,01/03/2022
151027,Basic mouse,Chuột Không Dây Zadez M325 Tuxedo Black,Zadez,https://www.thegioididong.com/chuot-may-tinh/chuot-khong-day-zadez-m325?src=osp,200000,4.0,57,01/03/2022
110670,Basic mouse,Chuột Có Dây Gaming Zadez GT - 613M,Zadez,https://www.thegioididong.com/chuot-may-tinh/chuot-gaming-zadez-gt-613m?src=osp,350000,4.2,16,01/03/2022
86801,Basic mouse,Chuột Không Dây Anitech MW315,Anitech,https://www.thegioididong.com/chuot-may-tinh/chuot-khong-day-anitech-mw315?src=osp,200000,4.5,68,01/03/2022
82333,Basic mouse,Chuột Không Dây Microsoft 1850,Microsoft,https://www.thegioididong.com/chuot-may-tinh/chuot-khong-day-microsoft-1850?src=osp,350000,4.1,38,01/03/2022
74784,Basic mouse,Chuột Có Dây Genius DX-125,Genius,https://www.thegioididong.com/chuot-may-tinh/chuot-co-day-genius-dx-125-den?src=osp,100000,4.6,163,01/03/2022
73125,Basic mouse,Chuột Không Dây Genius NX 7010,Genius,https://www.thegioididong.com/chuot-may-tinh/chuot-khong-day-genius-nx-7010?src=osp,200000,4.5,301,01/03/2022
69047,Basic mouse,Chuột Không Dây Zadez M356,Zadez,https://www.thegioididong.com/chuot-may-tinh/chuot-khong-day-zadez-m356?src=osp,1500,4.2,144,01/03/2022
49140,Basic mouse,Chuột Dây Rút Zadez M218,Zadez,https://www.thegioididong.com/chuot-may-tinh/chuot-zadez-m218?src=osp,100000,4.6,103,01/03/2022
